Z;F;S
12;34;100
22;33;124
35;28;153
45;22;185
69;21;210
74;22;220
79;22;216
78;19;222
66;22;240
43;18;265
33;22;298
36;25;330
34;15;362
38;5;381
36;0;391
28;-8;390
6;-10;390
-19;-19;392
-38;-25;395
-45;-39;397
-35;-49;397
-11;-50;393
6;-54;380
7;-54;356
7;-59;334
-2;-63;322
-3;-64;320
5;-58;322
19;-53;338
26;-39;332
25;-43;317
41;-37;263
46;-32;195
52;-24;142
50;-14;108
47;-1;97
38;12;80
24;18;80
17;24;85
3;23;39
-11;24;-139
-14;25;-816
-5;27;-1202
2;29;-1374
11;28;-1074
28;34;-557
34;44;-193
29;57;51
18;64;51
16;80;272
9;83;395
5;86;407
5;76;336
-5;60;209
-17;47;54
-29;40;-13
-29;42;-7
-19;42;48
-1;49;118
17;61;233
28;68;404
19;71;578
3;74;649
-1;74;627
-13;79;599
-7;69;577
-1;58;555
0;50;483
-11;51;369
-12;48;224
-4;51;2
3;51;-309
11;41;-618
34;40;-809
44;37;-775
44;42;-470
38;40;-59
39;46;343
39;44;570
50;51;600
50;42;397
55;45;58
51;47;-456
56;56;-718
53;66;-773
44;64;-507
28;61;-77
19;63;196
22;72;394
22;81;528
39;82;578
48;85;579
50;88;564
40;94;530
22;97;475
-2;95;416
-19;93;356
-13;86;295
-15;82;238
-29;69;191
-48;46;160
-43;30;145
-29;11;137
-5;-2;135
21;-13;136
33;-11;137
28;-12;151
18;-8;163
14;-2;174
-1;2;182
-8;6;183
-12;13;179
-18;19;160
-18;23;121
-15;24;60
-11;24;-15
-21;30;-55
-24;34;-58
-22;43;-1
-16;56;104
-15;61;189
-14;63;223
-8;57;157
-5;49;-2
1;35;-462
0;17;-1073
0;8;-1358
-8;-1;-1212
-20;2;-624
-28;10;-51
-42;22;298
-41;25;474
-20;29;533
6;32;482
18;36;395
17;34;240
17;26;36
16;25;-92
17;21;-100
14;33;62
6;45;242
-2;49;448
-7;55;670
6;55;826
22;54;885
29;44;754
29;38;554
32;38;360
28;46;196
24;50;23
30;57;-162
37;52;-323
35;43;-430
31;40;-554
37;45;-798
44;57;-986
52;59;-973
62;66;-701
58;61;-313
50;58;-49
40;52;63
39;48;69
43;38;20
52;39;-42
65;40;-39
52;39;21
30;30;122
7;18;220
-4;19;302
-18;20;346
-32;20;389
-47;22;393
-53;17;383
-48;19;356
-40;19;308
-17;23;253
-23;18;180
-32;19;115
-41;12;30
-50;2;-72
-53;-4;-177
-49;-13;-262
-35;0;-293
-28;-6;-303
-15;5;-287
-2;4;-251
14;4;-239
18;3;-244
15;-4;-315
20;-4;-464
14;-16;-739
20;-27;-1008
22;-37;-1036
17;-37;-767
6;-40;-336
-1;-36;84
4;-26;333
13;-22;342
32;-15;175
52;-9;-195
69;-5;-570
77;-8;-586
83;-5;-390
80;-9;23
70;-3;344
63;9;531
65;19;647
60;21;679
42;22;626
29;28;537
10;38;445
-3;41;382
0;53;354
10;57;346
10;63;355
0;59;353
-2;54;336
2;44;282
2;39;218
-3;27;166
-15;28;161
-23;27;194
-28;33;245
-12;44;300
-2;45;338
-2;46;347
-1;42;331
17;46;312
22;46;298
38;48;285
44;38;267
42;22;249
28;9;228
3;-5;198
-12;-9;150
-33;-7;87
-44;-12;-24
-47;-24;-288
-45;-30;-860
-45;-44;-1305
-46;-47;-1493
-40;-39;-1076
-33;-37;-400
-6;-30;190
21;-22;559
32;-13;682
16;-10;583
-6;-8;319
-23;-10;-55
-37;-7;-458
-37;0;-688
-40;5;-703
-45;-3;-497
-57;-9;-200
-64;-13;105
-52;-15;370
-38;-11;591
-20;-10;638
-1;-16;571
10;-18;409
5;-23;204
-4;-15;24
-7;-10;-100
-17;-5;-76
-32;-14;19
-49;-9;157
-74;0;262
-96;12;340
-97;20;488
-79;31;604
-53;32;679
-27;32;622
-7;36;502
10;33;404
30;29;336
49;37;314
47;31;308
32;25;321
20;18;325
27;25;337
29;34;335
15;32;330
-9;37;327
-31;31;334
-45;29;357
-47;34;387
-44;35;414
-59;35;431
-66;38;425
-65;44;399
-43;49;339
-7;51;258
16;52;188
34;57;148
37;60;134
44;68;131
58;73;119
65;75;106
67;67;89
62;60;71
51;54;66
26;47;74
3;46;102
-14;47;119
-19;43;101
-19;36;63
-21;31;-67
-14;26;-317
1;24;-902
20;28;-1364
44;22;-1535
59;20;-1121
67;17;-416
67;21;177
72;29;491
65;35;590
59;42;548
53;51;424
38;54;260
18;61;51
6;55;-213
-4;52;-344
-6;36;-420
0;35;-382
9;27;-352
18;29;-224
23;30;-51
43;39;171
62;51;306
71;53;341
78;55;333
87;54;281
91;57;177
89;53;50
82;50;-100
69;49;-146
58;51;-214
53;54;-306
58;52;-418
58;50;-450
54;47;-265
62;59;17
58;67;272
59;76;363
53;78;338
52;84;249
46;88;161
34;93;92
22;91;68
4;87;102
-18;76;174
-31;67;247
-27;64;308
-26;57;326
-21;49;317
-30;47;305
-45;48;291
-60;49;263
-73;53;214
-70;59;162
-70;67;106
-51;73;64
-29;78;30
-11;72;7
-7;63;-1
-11;57;-7
-6;57;4
-6;58;20
12;52;50
22;50;101
17;48;166
-2;51;239
-13;58;291
-1;62;300
12;67;267
31;68;219
37;68;181
31;68;161
18;71;161
13;69;164
19;73;173
22;65;177
28;69;186
28;70;180
27;72;171
15;75;139
11;71;83
6;68;-82
7;57;-424
25;44;-1121
43;39;-1481
48;39;-1550
42;34;-980
39;36;-308
28;32;169
13;26;358
-8;33;421
-20;33;385
-13;33;311
7;25;216
40;22;81
55;24;-105
47;19;-229
24;16;-271
6;16;-198
4;23;-146
10;24;-61
32;33;96
43;29;292
46;23;448
44;22;444
45;19;370
34;25;275
15;26;201
-6;36;99
-28;44;35
-40;54;11
-33;49;9
-19;49;-7
-9;41;-45
-1;40;-117
11;43;-274
8;37;-449
-2;24;-580
-12;12;-637
-8;4;-627
-15;4;-638
-16;5;-735
-29;-10;-814
-40;-17;-777
-53;-3;-597
-58;25;-302
-55;66;-61
-49;86;151
-33;103;251
-6;108;342
9;107;350
9;90;301
7;71;246
4;58;144
-3;47;51
-1;48;-11
-7;58;-9
-19;71;35
-38;76;118
-31;81;211
-6;89;303
31;85;372
68;87;409
87;82;419
82;79;399
60;75;367
47;66;331
39;58;302
34;49;283
30;49;272
24;56;275
20;59;285
17;55;298
27;51;308
21;50;317
10;51;328
-6;54;334
-5;58;342
-2;67;345
5;66;345
25;69;343
32;61;345
41;60;344
37;64;348
36;68;363
26;67;383
22;62;411
37;54;429
62;49;420
84;50;392
89;44;333
77;41;277
48;39;237
21;31;226
15;35;242
14;28;288
10;16;355
1;5;422
-8;-1;480
-23;-10;452
-21;-10;250
-2;-14;-121
17;-25;-624
22;-34;-994
15;-45;-964
5;-39;-667
4;-33;-219
12;-22;87
17;-21;213
13;-13;276
0;-17;273
-13;-23;212
-18;-23;128
-29;-26;36
-18;-19;-51
5;-14;-121
32;-6;-195
46;-3;-246
50;-3;-259
42;2;-235
26;-8;-190
18;-9;-156
27;-13;-161
33;-9;-203
29;-9;-261
16;-7;-293
9;-7;-242
6;-11;-145
2;-10;-10
-5;-7;88
-21;-6;145
-34;-11;141
-23;-7;108
-16;-12;43
-8;-4;9
-1;1;-33
13;9;-39
14;16;-23
15;13;29
1;15;77
-21;10;123
-38;-1;154
-44;-8;186
-31;-8;160
-17;-5;-17
4;7;-534
35;11;-1007
59;13;-1316
68;12;-1172
63;9;-759
52;21;-255
45;26;137
46;22;358
45;24;391
38;16;281
18;19;119
3;18;-146
-4;16;-348
-8;8;-522
-10;2;-527
-2;-2;-406
-1;-5;-147
-3;-7;136
-5;-11;441
0;-8;592
1;-10;621
3;-14;592
1;-14;535
-9;-19;466
-16;-16;398
-14;-10;370
-1;-1;373
1;-1;380
7;-11;370
15;-11;366
26;-23;334
33;-29;291
32;-27;222
16;-26;142
-6;-21;27
-22;-10;-128
-17;-2;-350
-4;4;-623
9;7;-944
31;7;-1155
45;11;-1306
47;9;-1325
41;10;-1297
30;13;-1199
14;16;-1000
-7;14;-728
-15;7;-401
-24;3;-94
-21;4;136
-10;1;271
0;7;268
8;3;162
-1;-5;36
-6;-12;-27
-23;-13;-10
-42;-15;71
-57;-11;190
-58;-5;297
-48;-6;389
-35;0;457
-21;5;488
-18;2;467
-17;-1;385
-11;-11;148
4;-7;-284
0;-7;-654
-18;-5;-967
-27;-7;-971
-39;-13;-753
-40;-15;-380
-40;-18;34
-28;-15;288
-32;-17;356
-29;-20;200
-22;-22;-86
-22;-20;-426
-26;-20;-508
-27;-21;-438
-12;-22;-165
-7;-16;113
-8;-16;293
-22;-11;455
-44;-21;557
-72;-17;581
-87;-25;580
-87;-15;557
-82;-17;524
-77;-10;479
-71;-8;446
-63;-8;422
-47;-13;413
-23;-11;407
-5;-7;399
-8;-9;386
-25;2;372
-47;4;359
-70;9;350
-98;2;342
-116;-4;327
-135;-8;313
-163;-3;300
-184;8;290
-190;13;283
-188;27;286
-178;27;281
-156;25;287
-135;23;302
-109;14;328
-78;16;363
-37;24;410
-5;42;460
9;46;492
12;50;487
-9;46;428
-34;44;336
-68;49;247
-90;51;190
-103;57;183
-100;54;232
-71;53;298
-45;49;350
-30;46;357
-16;45;249
-3;38;-68
8;30;-753
15;19;-1170
15;12;-1244
4;5;-835
-2;-5;-347
10;-11;-79
32;-9;12
32;-8;118
13;5;195
-22;11;221
-43;23;207
-54;26;157
-49;17;99
-29;14;62
-12;11;61
-4;9;85
-10;7;132
-25;3;184
-37;-2;253
-30;2;291
-4;13;312
20;23;293
43;31;223
63;33;36
68;25;-295
60;25;-742
41;28;-1027
26;39;-1026
11;45;-635
11;45;-151
18;35;357
24;38;635
19;36;675
19;41;480
9;51;127
4;52;-320
10;61;-645
27;67;-725
54;72;-565
65;71;-225
68;67;76
55;59;301
40;51;508
23;53;585
11;54;588
5;55;547
-5;55;498
-3;57;430
-22;59;378
-47;59;347
-68;59;338
-85;64;349
-92;74;362
-96;77;374
-83;72;388
-73;60;405
-66;42;426
-59;35;433
-48;41;423
-35;56;398
-22;70;356
4;82;321
18;91;284
21;101;254
17;104;228
18;112;213
11;115;203
5;106;197
3;109;194
-1;101;201
-13;92;213
-36;91;231
-50;87;260
-59;86;292
-48;90;320
-32;94;342
-19;99;340
-23;100;310
-27;100;270
-15;105;246
-16;107;247
-13;99;272
-4;98;288
1;86;290
-1;87;296
-8;80;249
-18;88;125
-26;85;-279
-16;85;-912
3;87;-1269
11;76;-1200
5;70;-729
-4;66;-266
-21;67;20
-27;72;213
-27;64;368
-4;52;429
21;38;399
39;27;300
56;28;172
41;28;78
8;24;25
-25;17;40
-43;17;64
-35;22;84
-29;30;62
-24;39;6
-31;50;-105
-36;52;-250
-32;51;-439
-12;53;-601
1;49;-790
7;52;-870
16;53;-872
23;53;-643
30;58;-243
34;57;118
30;56;327
16;57;278
0;50;77
-4;51;-138
-9;46;-323
-17;44;-336
-25;42;-209
-23;39;8
-23;39;262
-17;31;404
-8;35;461
-1;33;430
2;37;344
11;46;284
27;52;273
37;56;259
44;55;237
42;55;210
45;49;188
43;40;163
48;33;123
54;32;93
50;30;61
48;23;60
58;22;60
61;17;76
54;17;97
40;9;132
28;12;170
14;13;217
16;14;252
22;14;277
33;6;273
39;4;252
48;5;208
56;12;169
52;9;132
49;14;109
44;12;93
48;12;83
51;10;77
63;11;70
63;12;61
46;18;55
29;18;50
25;16;54
39;19;65
53;21;81
70;29;100
74;35;115
71;24;123
70;16;121
68;7;116
60;1;116
47;-8;120
46;-10;129
44;-16;139
46;-11;145
51;-1;149
71;17;143
88;32;120
88;39;91
81;34;59
63;29;40
50;20;31
50;20;60
65;22;134
70;28;235
76;25;331
90;26;396
99;28;425
92;28;440
71;29;398
49;29;121
25;25;-619
27;22;-1170
36;33;-1585
45;35;-1343
58;31;-855
62;24;-500
67;14;-287
57;9;-220
52;4;-349
49;9;-706
41;6;-875
30;2;-958
13;2;-726
-4;1;-342
-29;2;0
-52;1;262
-61;9;408
-53;10;417
-45;8;364
-26;4;294
-12;6;204
3;8;143
14;9;108
25;16;112
33;20;139
40;29;149
65;33;164
79;35;160
83;37;149
67;35;132
36;40;121
6;45;119
-11;50;111
-2;47;88
6;39;23
4;28;-73
-5;20;-171
-16;20;-227
-29;15;-200
-35;13;-115
-21;10;-9
3;13;90
35;1;164
66;-11;221
92;-13;257
97;-14;287
86;-9;310
67;5;328
38;3;337
3;5;322
-13;0;293
-11;-4;242
-1;-2;199
8;6;174
16;17;180
28;31;221
49;44;247
77;58;298
98;68;276
97;74;230
89;77;94
84;71;-167
76;66;-778
69;64;-1109
61;63;-1326
56;62;-981
42;56;-517
39;42;-201
41;37;-70
42;25;-21
33;14;-104
19;0;-306
27;-4;-483
36;-5;-538
62;-6;-438
79;1;-216
86;5;-18
74;11;147
57;9;237
44;16;250
32;18;242
28;21;247
26;29;249
13;36;264
-10;36;272
-18;39;293
-17;39;278
5;45;253
28;45;181
46;51;51
49;45;-191
42;35;-576
40;23;-1015
35;17;-1347
27;7;-1426
28;1;-1190
36;-5;-785
48;-13;-346
55;-9;-63
57;-10;9
50;0;-171
38;5;-528
31;10;-909
27;17;-989
29;17;-905
27;22;-532
29;24;-151
29;35;107
23;29;349
20;34;456
25;38;480
25;45;473
27;47;440
36;53;407
41;49;399
53;37;422
63;25;459
91;17;499
99;16;531
104;20;550
95;20;557
76;14;558
52;7;551
25;-2;542
3;6;534
-27;18;526
-48;18;517
-60;29;506
-62;31;491
-57;32;467
-38;37;442
-13;41;420
-7;46;403
-6;55;394
-7;54;388
-3;56;382
-4;50;376
-6;47;365
-18;53;353
-38;54;344
-53;66;330
-47;76;322
-28;74;323
-6;77;339
11;74;352
25;78;362
25;82;344
32;77;302
48;73;214
60;67;-17
62;61;-554
56;63;-1256
46;67;-1580
38;65;-1421
42;67;-745
58;69;-52
75;79;423
87;80;596
99;81;487
96;81;27
82;68;-655
55;64;-863
32;54;-839
10;52;-422
-3;40;48
2;33;379
6;30;664
12;20;838
19;24;822
22;28;717
18;34;557
16;36;358
27;37;158
40;38;7
50;38;-25
60;37;15
74;40;50
70;39;120
62;41;299
59;39;525
61;36;704
63;27;713
63;22;610
55;14;514
37;10;446
23;2;406
24;-2;393
21;1;416
8;-7;454
-8;-13;494
-11;-12;525
-15;-12;535
-12;-4;512
-8;3;457
-2;11;404
-7;14;377
-6;8;376
-1;11;402
3;9;441
-6;9;481
-23;12;489
-33;8;420
-26;3;219
2;-3;-94
30;-11;-455
51;-15;-833
66;-17;-1173
77;-7;-1486
68;-1;-1607
43;-3;-1450
19;-6;-1067
-8;-10;-611
-25;-6;-303
-25;-1;-96
-13;3;-40
-2;-1;-35
-15;-3;-141
-27;-10;-301
-44;-3;-471
-40;-1;-642
-21;2;-802
3;4;-892
14;6;-853
10;0;-707
7;0;-524
-14;-3;-356
-49;-8;-174
-88;-6;35
-111;0;212
-119;7;272
-116;8;216
-92;7;127
-63;6;44
-31;4;-15
-6;9;-67
14;7;-94
22;15;-127
19;9;-143
12;11;-173
-5;6;-183
-21;3;-182
-30;0;-147
-17;3;-65
-2;2;40
25;-2;126
47;-6;164
49;-8;175
34;-10;188
21;-14;230
20;-7;285
20;-5;349
27;0;392
29;-6;425
31;-7;452
11;-13;465
-14;-18;471
-37;-19;464
-59;-12;436
-69;-11;383
-73;-4;309
-80;0;244
-76;6;206
-65;11;202
-34;12;220
-6;10;246
29;4;246
70;3;225
100;-3;152
101;5;-20
93;9;-440
72;25;-1017
53;33;-1296
45;35;-1243
48;42;-734
54;51;-184
49;62;293
39;66;510
15;68;523
-5;51;325
-11;45;-45
-3;37;-610
5;40;-901
3;42;-985
22;43;-690
32;39;-244
38;31;129
42;30;425
45;28;642
45;34;666
42;38;601
53;39;466
53;41;313
39;39;154
16;30;69
3;28;89
7;22;192
27;21;299
56;19;433
72;21;601
80;22;776
71;26;897
58;30;888
27;37;764
3;34;621
-7;27;445
-12;22;294
-16;20;184
-24;22;155
-27;32;168
-42;40;201
-55;48;230
-60;58;247
-50;64;262
-38;59;234
-24;64;187
-8;63;114
-5;69;17
2;65;-90
0;68;-279
-5;66;-565
-17;64;-955
-9;61;-1221
10;66;-1230
26;62;-902
36;60;-382
29;69;129
16;74;476
-2;79;624
-4;66;525
-6;60;226
1;55;-219
9;59;-607
30;64;-716
32;75;-543
14;75;-207
-4;79;153
-27;77;389
-45;70;563
-52;70;616
-56;64;569
-59;59;546
-68;50;524
-57;46;530
-42;56;517
-29;51;510
-24;47;505
-22;41;496
-23;40;489
-29;35;491
-20;34;505
-27;23;522
-33;16;536
-30;17;525
-14;22;490
13;28;458
23;30;435
28;31;440
14;37;444
-1;38;435
-17;39;409
-24;44;398
-34;47;388
-34;53;374
-29;57;327
-32;63;262
-40;53;172
-43;53;76
-30;43;-24
-12;45;-94
12;35;-123
33;34;-120
41;29;-128
37;27;-285
34;26;-709
34;30;-1173
27;32;-1344
19;34;-1094
7;40;-572
-8;35;-54
-32;32;282
-45;29;423
-59;36;362
-78;37;126
-86;36;-272
-71;33;-856
-36;25;-1170
-15;20;-1259
-2;14;-977
-5;14;-566
0;9;-200
15;5;89
41;3;266
48;9;249
39;17;125
27;30;-55
17;39;-279
17;45;-453
21;40;-595
30;41;-645
43;40;-669
50;36;-605
63;33;-395
69;33;-117
72;31;125
84;30;259
93;39;318
94;30;372
79;31;427
66;26;462
45;35;485
27;38;508
27;41;540
27;42;555
28;39;555
34;34;542
51;29;526
58;39;519
48;43;509
33;58;496
24;62;474
17;61;455
2;63;438
-1;72;428
2;81;421
8;78;416
5;79;413
-2;66;411
-14;59;410
-17;55;404
-12;57;396
-17;59;385
-24;62;373
-34;57;366
-35;57;363
-38;56;364
-28;52;368
-14;47;370
3;42;375
13;37;375
18;34;369
24;38;365
18;43;366
19;43;371
32;40;379
46;33;381
55;23;377
54;21;375
43;20;375
22;13;386
13;2;387
11;-9;359
13;-23;277
8;-35;-9
5;-43;-764
-5;-43;-1194
-21;-34;-1393
-32;-30;-913
-24;-21;-263
7;-16;180
41;-9;387
71;2;516
61;14;552
28;20;519
2;23;438
-8;32;311
-2;34;32
-5;32;-277
2;27;-576
-3;24;-654
-3;17;-504
-12;14;-319
-23;18;-174
-40;7;-144
-53;14;-136
-52;18;-143
-36;21;-151
-9;14;-180
25;11;-219
54;7;-249
60;9;-265
53;7;-264
45;11;-253
37;23;-225
22;37;-162
8;47;-125
0;44;-76
2;35;-70
16;28;-72
34;27;-151
36;23;-347
18;11;-810
4;2;-1396
19;-5;-1611
38;-9;-1460
61;-3;-902
67;6;-307
61;17;111
41;24;339
31;31;393
34;32;320
33;32;226
32;41;160
31;49;89
27;57;51
24;51;49
31;44;92
49;34;179
57;33;284
61;24;396
58;29;495
50;27;558
41;21;585
43;15;583
47;6;569
41;-6;553
34;-10;549
29;-6;558
23;-6;571
11;9;579
3;7;569
-12;13;505
-21;18;404
-22;22;180
-18;28;-181
-11;15;-585
-3;6;-912
16;8;-1006
25;11;-761
29;11;-330
24;7;237
18;4;647
10;6;801
6;13;667
20;18;345
36;10;-44
50;12;-325
55;5;-444
55;6;-492
43;-2;-386
36;-6;-271
34;-4;-83
36;-4;117
44;-11;212
48;-8;224
48;-12;187
18;-9;115
-11;-4;43
-19;11;-11
-10;19;-22
8;22;14
23;26;69
37;31;134
32;31;183
41;35;218
61;39;226
75;46;216
77;47;195
61;55;169
42;59;152
23;62;148
18;57;156
22;57;180
19;55;210
6;60;242
7;63;270
27;60;291
40;60;306
53;55;319
49;60;326
42;64;337
30;70;351
16;77;376
3;81;405
-17;93;428
-24;99;430
-20;105;411
-14;101;379
-27;94;341
-24;95;312
-25;96;267
-22;99;193
-16;90;106
-10;84;-89
-9;76;-658
-11;73;-1239
-6;73;-1501
-17;75;-1146
-32;67;-420
-43;57;161
-35;48;420
-13;36;526
6;31;494
12;31;323
9;30;-41
5;30;-291
12;31;-433
17;35;-326
8;33;-51
-9;32;258
-14;28;482
-24;30;585
-27;27;551
-13;27;481
15;32;423
31;33;389
41;36;338
42;39;278
47;43;218
52;44;133
57;46;13
59;47;-101
45;46;-181
31;43;-200
18;39;-190
16;36;-140
7;36;-74
-7;36;11
-20;30;62
-34;27;85
-21;22;80
2;33;29
19;34;-68
15;25;-269
12;28;-521
7;23;-716
6;19;-827
15;13;-859
30;4;-845
35;-1;-849
22;-7;-753
-9;-8;-659
-42;-12;-474
-80;-14;-294
-93;-17;-106
-87;-11;73
-63;1;197
-38;6;273
-11;15;310
-1;13;330
7;6;345
18;3;359
26;6;369
21;7;380
-6;9;397
-25;5;414
-44;0;430
-55;-7;436
-59;-14;437
-65;-10;436
-73;-9;448
-86;-9;469
-64;-8;496
-20;-7;517
28;-8;500
71;-10;446
92;-11;359
100;-12;279
94;-4;234
91;0;231
77;9;270
55;15;329
29;18;392
11;28;448
-13;22;476
-20;24;447
-24;20;359
-22;25;127
-22;34;-192
-24;36;-619
-20;43;-1183
-29;41;-1603
-24;47;-1625
-12;57;-1267
8;59;-644
25;64;-194
35;65;25
45;64;60
38;64;21
41;63;-92
38;65;-269
38;63;-452
26;55;-622
9;57;-664
-1;58;-585
-17;56;-409
-17;60;-223
-17;54;-70
-17;49;35
-20;37;148
-15;27;237
-12;19;312
-7;16;358
1;13;364
18;10;325
24;11;246
23;12;124
30;24;-17
25;29;-151
12;36;-234
9;40;-244
13;45;-203
18;55;-137
13;52;-109
8;58;-123
-9;58;-193
-28;60;-338
-41;61;-646
-43;62;-972
-45;55;-1018
-65;49;-790
-87;41;-233
-113;36;232
-125;35;545
-125;36;672
-101;34;627
-79;34;428
-54;37;161
-23;39;-76
-8;33;-154
-6;26;-153
-6;20;-151
-4;30;-135
-5;37;-57
-8;41;88
-10;41;269
-6;40;332
-2;33;348
-2;36;326
-2;41;291
-3;41;237
9;45;190
26;50;174
32;48;177
21;46;209
5;46;258
-1;41;307
5;46;348
9;47;375
8;50;408
-9;52;417
-35;41;403
-48;30;333
-38;21;244
-25;7;113
-10;6;-95
-5;3;-431
-2;6;-865
-2;14;-1149
0;24;-1178
-3;26;-882
-18;34;-455
-36;33;42
-41;32;394
-39;36;580
-30;31;562
-17;35;442
-14;38;316
-19;39;206
-30;43;103
-33;54;110
-31;50;243
-28;44;422
-18;36;540
-20;34;658
-16;31;802
-3;30;910
19;30;930
33;28;791
24;32;649
16;34;560
3;35;530
-14;40;525
-31;40;554
-43;49;597
-55;50;649
-62;61;674
-54;70;676
-47;76;620
-40;75;522
-44;61;380
-48;61;175
-64;51;-116
-73;47;-558
-68;49;-1080
-32;45;-1350
15;44;-1308
64;41;-907
86;37;-439
71;36;-16
44;30;229
23;28;292
5;32;188
-15;27;39
-27;26;-70
-25;31;-127
-24;19;-118
-16;26;-51
-7;25;48
-1;33;150
1;24;241
9;32;310
26;29;356
31;27;390
32;27;405
36;30;438
36;39;450
33;50;468
32;64;464
41;62;463
38;62;474
38;49;462
33;51;449
23;56;419
21;58;385
22;54;326
18;47;221
13;25;-64
18;20;-565
37;12;-985
41;5;-1176
36;4;-942
26;6;-460
3;5;95
-18;2;548
-40;-3;771
-44;-3;753
-43;-1;478
-47;-10;15
-53;-21;-497
-65;-29;-711
-77;-31;-695
-73;-37;-404
-57;-42;-108
-31;-46;134
-13;-41;310
1;-31;373
-17;-25;323
-43;-19;216
-61;-14;127
-43;-11;34
-13;-4;-50
9;6;-102
15;20;-107
-4;27;-79
-31;31;-40
-44;24;-14
-33;22;8
-23;19;39
-15;20;88
-16;28;148
-19;32;212
-26;35;273
-23;30;322
-15;40;365
-17;40;402
-15;44;433
3;46;464
25;42;485
39;36;490
34;36;463
13;41;420
-6;34;355
-14;31;293
-9;25;230
2;23;188
6;22;159
16;22;147
20;25;144
19;21;150
12;20;182
-5;15;210
-32;15;225
-54;12;215
-46;11;195
-32;7;173
-14;4;101
-7;2;-110
-11;1;-680
-28;1;-1330
-57;-3;-1616
-63;-10;-1377
-75;-18;-682
-79;-30;-86
-71;-28;269
-62;-21;366
-52;-4;337
-57;5;181
-55;14;-39
-73;18;-273
-90;16;-478
-103;24;-516
-88;29;-399
-57;36;-212
-28;39;-49
-6;41;67
-11;35;137
-27;34;178
-45;35;201
-48;42;204
-51;33;206
-44;31;194
-30;23;181
-15;27;163
-1;29;158
13;32;168
15;35;194
-5;41;239
-20;43;270
-24;47;294
-19;45;284
-21;47;263
-38;47;248
-59;56;245
-90;50;256
-108;41;271
-105;34;240
-81;26;204
-54;29;167
-37;38;124
-29;49;118
-39;54;56
-29;59;-169
-8;61;-828
13;58;-1201
14;58;-1428
9;49;-1120
11;46;-598
17;30;-206
39;21;116
54;19;331
54;21;360
34;31;250
29;39;6
31;43;-348
33;36;-573
36;33;-701
35;21;-674
22;19;-527
9;9;-299
15;11;-13
20;12;271
18;13;420
3;18;491
-16;13;482
-34;25;440
-50;24;348
-30;28;252
-6;30;185
16;22;193
43;25;259
77;25;380
102;22;504
114;16;588
108;13;627
82;9;691
53;11;767
37;5;818
34;5;792
31;5;689
21;1;581
7;3;486
-13;-1;393
-36;-5;295
-38;-14;198
-23;-10;119
-4;-9;70
26;-10;68
51;0;79
79;6;120
102;6;145
120;18;181
130;17;180
117;8;149
91;14;69
55;11;-46
21;16;-212
-8;15;-430
-26;17;-739
-25;22;-1169
-19;23;-1527
8;21;-1600
44;22;-1238
73;19;-619
82;9;36
75;-5;461
65;-10;634
52;-17;629
43;-17;452
36;-22;231
31;-21;14
16;-20;-140
6;-16;-190
2;-11;-168
1;-15;-86
9;-16;2
23;-14;84
42;-2;155
49;4;201
57;15;240
50;26;251
40;25;260
42;34;247
55;45;231
64;58;223
48;63;232
29;65;252
9;62;280
1;64;319
14;74;366
33;81;410
41;86;434
38;75;409
44;68;358
44;65;292
53;66;211
60;68;135
79;73;17
84;70;-263
81;62;-811
69;57;-1071
47;47;-1230
20;39;-889
4;35;-498
7;33;-168
4;39;84
14;38;256
31;39;280
40;31;141
32;19;-270
14;11;-737
4;15;-995
8;20;-962
25;29;-649
40;29;-260
46;24;51
43;11;306
32;11;429
28;8;433
14;14;411
3;13;377
0;17;336
2;19;297
0;21;287
10;22;305
23;14;334
33;19;382
43;15;425
50;25;457
57;20;470
54;15;466
50;14;468
32;19;474
5;20;482
-8;19;490
-10;20;480
3;20;445
14;21;377
31;26;290
33;39;195
30;44;107
29;56;41
36;52;11
33;43;40
17;43;96
4;43;162
-6;47;212
-5;40;229
-1;33;218
-8;23;148
-33;16;23
-62;7;-219
-76;5;-657
-85;-1;-1264
-93;-8;-1448
-103;-10;-1298
-95;-9;-655
-76;-4;-20
-46;-6;370
-9;-2;496
22;-5;387
45;-8;104
60;-12;-147
54;-9;-380
32;-6;-457
7;-1;-499
-2;-4;-420
-1;-17;-221
-12;-34;-22
-18;-37;140
-9;-29;201
3;-17;218
20;-12;228
36;-8;230
40;-10;232
36;-13;231
30;-11;235
24;10;251
5;19;266
-14;31;280
-22;36;281
-20;37;276
-9;30;267
9;20;259
27;11;261
29;8;263
31;8;266
33;17;266
42;19;259
46;29;246
56;31;230
59;31;221
42;19;229
29;18;267
16;23;325
14;33;386
6;29;416
-1;27;401
-14;21;354
-26;20;312
-23;30;290
-18;39;307
-10;47;373
-10;47;447
-3;46;452
-5;42;379
-18;35;133
-33;32;-242
-41;30;-825
-37;30;-1356
-25;25;-1427
-6;25;-1141
-1;27;-570
-3;23;-124
-11;28;108
-20;26;256
-31;35;346
-40;37;364
-24;35;335
-1;30;261
31;24;180
50;16;101
67;9;61
74;4;25
74;5;18
70;6;28
57;12;58
47;17;99
41;23;134
42;38;160
21;49;175
-4;59;175
-31;67;171
-47;73;165
-41;67;158
-20;61;139
8;55;95
35;52;10
69;47;-91
103;45;-191
123;51;-243
114;58;-203
83;70;-112
55;81;1
23;89;95
3;95;143
-20;97;168
-30;95;175
-40;88;170
-34;88;144
-23;87;82
-23;86;-10
-21;83;-117
-5;72;-232
28;67;-302
59;64;-327
90;68;-305
97;67;-294
84;64;-321
72;57;-377
66;56;-462
69;52;-525
69;51;-572
78;55;-606
76;53;-621
69;45;-622
58;43;-628
51;39;-603
40;48;-487
20;55;-300
10;57;-56
-3;56;127
-15;49;132
-15;40;-101
1;34;-508
17;34;-694
18;29;-643
12;38;-285
-6;34;56
-23;27;239
-31;18;364
-25;16;420
-20;13;426
-11;11;369
15;7;269
40;-5;170
60;-12;75
60;-18;18
40;-16;-2
7;-12;24
-6;-8;67
3;-6;112
26;-4;170
44;-9;205
44;-7;216
42;-4;206
30;-2;177
34;-5;168
38;-9;165
26;-16;170
4;-10;152
-7;-7;128
-8;-4;113
-8;0;146
-5;5;216
-4;9;289
-3;19;349
-20;22;369
-34;27;348
-34;43;291
-22;41;208
-6;43;140
-1;44;98
-1;42;89
-3;50;90
4;50;113
12;55;166
9;50;226
11;48;285
16;45;311
19;46;321
11;34;328
-3;37;335
-31;33;345
-55;36;369
-66;35;404
-62;34;440
-51;43;451
-40;47;434
-23;56;388
-1;62;349
11;56;326
16;59;318
20;59;323
15;64;361
-1;52;402
-5;46;433
-15;38;354
-19;33;106
-17;28;-338
-3;25;-913
4;22;-1320
9;33;-1318
7;46;-1017
-2;55;-509
-3;57;-107
5;51;191
22;45;389
21;36;446
13;31;411
-17;38;306
-42;45;127
-68;51;-126
-79;53;-435
-68;55;-624
-60;57;-729
-39;66;-753
-21;70;-691
-10;66;-575
-6;68;-388
-4;63;-250
-1;71;-239
-1;67;-268
-9;62;-299
-19;61;-309
-33;57;-313
-40;55;-300
-36;46;-250
-28;44;-177
-33;43;-81
-38;41;3
-44;35;80
-37;32;154
-25;33;230
0;37;309
29;41;389
50;37;455
72;33;509
90;27;551
102;22;584
92;29;589
75;34;574
44;41;553
20;35;536
9;33;524
19;35;504
35;38;478
34;43;468
31;39;462
14;37;460
-5;41;437
-15;46;404
-5;53;350
10;59;297
19;54;222
34;55;142
39;53;85
42;50;42
48;50;25
61;54;-56
72;49;-308
86;42;-839
98;32;-1346
101;25;-1504
97;18;-1167
82;17;-496
69;24;140
42;32;563
28;32;775
21;36;757
20;36;565
11;29;304
-2;21;1
-1;12;-357
0;1;-511
3;-3;-570
5;-1;-494
0;-1;-373
-13;4;-213
-20;0;-6
-15;-10;164
-12;-11;215
1;-9;205
18;-2;181
22;-2;143
10;-2;97
6;-1;48
7;-6;-3
18;-4;-39
41;0;-58
73;4;-68
102;3;-126
113;-1;-244
114;-3;-310
100;-1;-284
81;-3;-148
69;-3;-39
74;-4;-3
72;-2;-32
56;-11;-91
39;-13;-184
20;-8;-349
13;-2;-583
9;3;-658
13;7;-668
11;7;-528
12;3;-402
21;7;-206
13;-1;31
2;-5;255
-14;-3;375
-27;-5;388
-34;2;381
-35;-1;394
-11;-3;412
-1;-3;428
-1;2;454
-22;0;479
-52;9;505
-71;10;535
-62;3;558
-28;-1;577
-1;-9;592
2;-8;598
5;3;605
23;7;604
33;18;607
33;19;601
29;21;596
21;20;606
17;24;622
10;27;632
1;39;612
-16;45;563
-21;48;510
-1;54;469
29;57;440
48;61;413
50;61;387
41;60;377
24;57;357
18;61;291
12;64;136
7;70;-150
-5;69;-499
-21;68;-894
-36;74;-1388
-59;74;-1720
-63;77;-1631
-41;77;-1211
-7;79;-545
26;73;-109
53;66;116
58;57;190
51;50;195
38;46;118
29;45;-5
17;48;-103
13;51;-139
8;60;-103
-7;62;-23
-41;59;36
-64;58;78
-69;61;108
-54;71;151
-37;74;197
-22;78;250
-13;80;299
-18;76;344
-24;70;375
-12;71;388
-3;72;390
7;68;393
15;68;401
4;62;422
-14;61;449
-33;58;474
-42;59;495
-45;61;506
-26;61;501
4;57;476
25;52;443
38;41;418
43;32;383
40;26;347
23;22;306
9;23;273
6;33;236
11;41;167
24;45;-26
27;49;-561
38;55;-1175
42;67;-1420
44;68;-1142
48;68;-439
41;58;134
23;53;393
0;54;439
-18;54;326
-39;54;14
-46;45;-365
-48;43;-659
-46;36;-746
-50;34;-590
-38;24;-327
-28;22;-106
-31;21;33
-33;22;76
-29;24;67
-21;20;56
-7;9;45
-1;8;39
0;16;40
-10;18;45
-24;29;53
-30;37;55
-39;40;53
-39;49;58
-13;50;68
13;51;98
30;44;134
30;40;185
24;43;230
18;48;268
19;47;296
32;41;312
34;45;321
33;45;326
28;43;331
21;41;332
15;39;336
0;36;334
3;50;329
4;48;318
9;44;301
14;42;287
26;29;284
29;21;299
27;10;310
28;3;300
24;0;273
21;1;220
16;-2;152
10;6;38
-1;16;-244
-2;24;-826
6;28;-1480
18;17;-1761
14;12;-1415
-2;3;-669
-16;2;24
-16;7;446
1;-3;583
28;0;480
32;-7;-50
14;-15;-494
-2;-17;-769
-8;-15;-631
-4;-14;-268
12;-7;58
25;-12;298
30;-13;483
17;-14;506
3;-17;420
-5;-5;290
-16;-1;183
-17;-1;94
-13;5;33
-12;8;-13
-19;6;-46
-13;1;-74
-13;-4;-80
-11;-11;-65
-7;-3;-40
-1;5;-9
9;15;26
13;16;69
28;13;102
33;11;128
37;15;134
39;22;126
40;38;114
31;48;106
15;45;107
14;42;117
13;37;135
10;27;159
-8;15;183
-27;10;205
-49;2;226
-65;6;242
-65;1;254
-64;5;254
-63;8;256
-59;15;250
-54;23;243
-56;31;237
-60;39;226
-63;40;215
-74;44;205
-79;43;197
-71;32;191
-45;28;185
-33;21;176
-30;8;169
-39;11;160
-40;12;155
-37;8;159
-12;7;168
15;3;187
23;8;207
21;10;222
12;13;230
7;9;240
-3;7;252
-18;-1;275
-27;6;300
-43;13;335
-42;21;380
-34;27;414
-18;29;423
-13;29;390
-3;29;340
5;24;293
6;20;284
12;2;317
15;1;382
24;-4;394
29;-2;230
20;-7;-170
0;-15;-750
-30;-21;-1290
-46;-19;-1439
-48;-14;-1211
-44;-8;-757
-54;-8;-327
-48;-15;-127
-39;-14;-32
-22;-10;5
-1;-7;-1
19;-2;-36
30;-7;-96
22;-18;-211
13;-21;-415
-13;-12;-783
-40;-11;-1050
-58;-2;-1210
-62;-3;-1115
-60;-10;-926
-55;-13;-737
-46;-19;-551
-35;-19;-369
-26;-19;-208
-10;-15;-62
19;-12;36
38;-9;95
49;-12;117
50;-4;128
33;3;141
3;15;166
-22;18;196
-35;19;214
-39;23;207
-32;18;165
-12;18;96
1;7;24
4;-5;-5
-1;-6;39
-4;-3;134
-4;2;227
5;9;288
15;18;290
13;32;270
-6;39;236
-25;40;208
-22;43;187
-9;47;185
11;52;208
29;57;241
32;48;267
29;36;279
28;28;262
28;23;238
22;30;189
23;36;124
28;49;57
36;47;9
38;43;5
41;46;25
40;53;51
40;62;41
44;67;-123
51;68;-536
61;66;-1176
66;65;-1451
77;63;-1395
72;56;-871
49;55;-293
24;60;149
14;70;416
11;80;455
7;82;279
8;75;-81
0;75;-614
3;69;-1034
16;67;-1248
36;73;-1132
48;71;-770
52;66;-303
61;61;106
58;57;427
48;50;542
40;46;547
33;56;498
22;59;462
3;61;395
-15;61;337
-30;61;283
-31;54;251
-20;45;255
9;38;280
36;34;300
59;37;317
78;39;333
85;44;346
79;49;355
68;54;364
50;56;372
27;61;389
11;61;399
7;68;394
16;75;368
24;73;346
32;71;330
43;67;322
43;58;319
51;55;297
66;47;297
92;42;278
118;40;252
138;42;207
145;43;104
114;40;-139
79;35;-592
48;36;-1073
25;39;-1294
2;31;-1102
-27;22;-649
-54;14;-91
-77;11;360
-73;13;624
-42;17;691
2;15;543
42;19;253
72;13;-171
76;20;-493
58;16;-682
26;10;-622
1;2;-421
-24;-5;-127
-48;-7;155
-52;-5;373
-55;15;414
-61;18;309
-71;30;196
-74;35;109
-74;37;42
-68;39;20
-49;37;11
-27;36;67
0;32;140
12;27;217
21;24;273
1;17;300
-10;14;306
-25;7;298
-34;9;279
-38;6;250
-26;12;226
-8;17;222
-8;23;239
-30;26;277
-52;23;313
-49;26;348
-13;25;377
31;30;403
60;35;428
49;34;456
25;25;472
19;29;489
40;25;498
72;25;508
92;24;511
91;21;517
58;21;519
29;17;522
9;20;526
4;14;532
9;2;545
38;-1;561
70;-1;580
86;2;605
85;0;620
74;-1;609
72;-1;568
72;-2;500
87;0;422
94;0;366
81;0;331
66;0;325
52;4;343
40;-2;370
25;-8;412
20;-15;385
12;-10;251
11;-6;-34
15;-1;-411
32;1;-814
48;6;-1237
54;3;-1503
72;11;-1379
84;17;-910
96;18;-219
99;22;290
90;26;524
69;29;516
47;28;306
37;30;-18
18;40;-386
3;45;-594
-7;55;-612
5;56;-429
21;55;-195
34;53;14
48;52;117
49;56;158
36;51;196
22;54;258
17;47;304
10;49;305
21;44;259
35;34;198
35;24;198
20;12;206
2;7;218
1;5;189
2;-1;105
23;0;-12
38;-4;-156
46;-2;-256
42;-4;-331
29;-3;-376
21;1;-441
5;14;-547
-3;14;-714
-18;21;-868
-36;20;-1003
-51;10;-1029
-51;4;-983
-35;-9;-960
-21;-7;-870
-2;-7;-732
15;2;-487
20;8;-245
14;8;11
11;5;218
5;-2;389
1;-4;481
-6;-2;474
-13;1;426
-16;4;369
-12;-4;327
19;-13;317
55;-17;316
77;-10;337
84;-4;357
78;5;381
65;4;404
46;0;417
44;0;424
36;3;414
21;2;409
6;2;397
-2;1;395
3;-4;391
3;-11;387
16;-1;382
11;6;372
8;15;364
7;18;361
24;25;355
31;32;352
34;31;351
39;27;350
27;27;345
6;22;347
-21;31;346
-40;35;353
-56;40;374
-55;41;409
-49;39;461
-44;32;506
-34;27;542
-21;27;538
10;32;493
33;34;421
53;34;359
61;29;325
54;32;318
41;32;343
35;33;402
37;35;436
31;40;390
24;39;170
16;40;-178
16;42;-640
23;38;-1045
37;45;-1158
54;51;-941
49;56;-492
33;54;-34
15;48;252
8;43;401
6;43;316
7;44;-32
2;46;-391
-19;40;-676
-27;40;-756
-28;43;-696
-30;46;-601
-44;39;-491
-36;39;-411
-17;49;-379
7;57;-358
24;61;-314
31;67;-283
32;72;-259
20;75;-245
16;73;-246
4;80;-241
1;87;-222
9;100;-181
29;110;-117
43;108;-40
44;99;44
48;91;132
43;94;219
40;101;305
43;116;372
48;123;426
46;121;459
36;121;482
35;111;497
29;96;499
26;81;482
26;71;443
37;66;419
42;61;392
48;52;372
49;41;342
43;32;314
45;31;305
56;30;319
72;40;331
73;43;320
75;38;277
75;47;189
78;48;59
73;46;-105
69;43;-302
62;44;-513
37;53;-757
7;53;-1050
-14;56;-1327
-21;53;-1387
-15;51;-1144
4;48;-630
30;53;-92
33;53;325
32;48;588
17;38;708
-2;31;721
-19;33;632
-25;31;497
-25;32;371
-38;38;277
-43;37;239
-38;45;239
-25;46;259
-5;46;292
14;44;323
25;45;347
27;47;364
28;53;372
32;51;369
31;44;359
29;28;349
37;19;347
37;24;354
37;16;368
32;20;387
27;19;405
16;16;413
-7;14;396
-15;19;354
-22;26;308
-34;26;271
-50;26;253
-64;26;231
-76;12;205
-84;5;194
-80;-2;215
-81;0;213
-82;4;118
-85;8;-98
-75;15;-435
-63;24;-819
-53;30;-1176
-45;29;-1396
-49;30;-1305
-61;21;-963
-67;19;-474
-60;16;-67
-65;21;177
-66;17;200
-58;17;-31
-44;33;-357
-22;36;-630
-9;51;-707
6;48;-610
0;54;-441
0;43;-276
12;40;-103
31;30;17
41;19;118
37;14;190
24;14;241
0;18;276
-5;15;308
-2;15;324
3;16;320
-7;19;296
-19;19;254
-26;25;190
-24;37;142
-7;34;122
13;40;110
13;29;100
-8;27;105
-19;18;131
-22;19;191
-18;26;258
-14;38;312
-14;44;343
-25;41;359
-36;43;368
-23;39;381
-9;41;397
1;38;421
8;28;452
17;27;486
39;26;511
61;22;505
87;26;474
84;27;425
64;30;387
40;34;350
27;36;324
7;47;309
-16;43;324
-28;39;341
-26;40;334
-11;30;238
11;28;50
26;29;-205
22;29;-480
14;35;-744
18;27;-1015
16;28;-1269
8;28;-1268
0;27;-998
-11;28;-521
-24;20;-37
-35;14;238
-36;7;399
-31;-2;399
-15;-12;319
1;-13;132
15;-6;-123
12;-3;-321
14;-1;-415
26;1;-386
31;6;-300
32;0;-207
24;1;-128
23;-2;-70
12;-1;-10
9;-3;30
5;6;60
-4;7;85
-4;-1;83
11;-4;58
42;-9;11
60;-14;-35
66;-20;-90
51;-27;-145
35;-32;-215
24;-33;-294
28;-25;-368
40;-16;-385
39;-3;-333
40;4;-217
43;10;-94
45;16;-32
35;14;-51
28;13;-119
16;8;-182
12;-1;-209
10;-11;-192
17;-11;-151
21;-24;-81
12;-31;35
11;-32;160
4;-29;270
-2;-20;327
-2;-15;339
3;-5;330
0;7;294
0;6;241
5;8;194
2;3;171
1;3;178
8;-1;202
24;4;205
33;8;199
36;13;159
41;16;33
30;22;-234
13;21;-491
-5;19;-598
-19;19;-548
-38;17;-359
-61;11;-229
-85;11;-52
-111;18;123
-128;22;193
-121;26;134
-90;38;-22
-64;50;-240
-43;57;-553
-38;54;-597
-43;50;-460
-48;56;-56
-43;67;371
-20;86;714
-3;95;924
14;97;1027
16;94;934
10;95;768
-2;93;621
-2;96;501
3;94;401
14;92;347
33;83;331
66;73;346
80;59;375
69;48;433
51;34;488
26;32;525
9;29;529
3;19;513
3;18;489
-3;7;463
-18;2;435
-41;-2;401
-62;-6;378
-73;-6;376
-77;-2;389
-72;1;403
-65;2;417
-64;5;412
-53;15;406
-59;22;393
-66;29;354
-78;22;295
-81;20;165
-84;15;78
-89;14;3
-83;17;-15
-77;29;-35
-78;42;-89
-81;55;-175
-87;67;-232
-83;72;-232
-69;73;-190
-46;66;-156
-24;61;-199
-11;52;-426
15;55;-894
44;56;-1317
53;51;-1564
57;42;-1426
62;29;-1038
74;23;-613
81;14;-234
81;20;80
88;26;288
87;31;419
97;29;407
105;28;192
102;35;-310
86;35;-741
67;39;-1015
58;39;-982
46;38;-764
43;39;-472
47;38;-203
35;42;18
5;44;107
-22;50;109
-27;53;125
-16;47;157
7;45;202
19;42;257
21;45;315
10;43;372
14;44;421
23;50;458
25;57;485
19;59;502
11;65;513
4;68;518
-19;63;519
-34;57;514
-55;52;506
-57;54;497
-41;50;486
-4;41;475
25;24;463
41;16;455
56;11;450
60;15;444
58;7;442
54;6;436
40;1;432
25;1;425
0;2;421
-16;-4;422
-39;-8;428
-62;-10;445
-74;-8;464
-72;5;479
-64;8;484
-48;15;465
-20;14;445
8;24;397
29;23;336
40;34;272
54;40;209
51;43;174
38;36;141
17;30;-32
-13;21;-573
-39;16;-1106
-62;15;-1325
-66;16;-1014
-51;7;-326
-4;-4;228
43;-11;570
70;-21;737
67;-25;721
58;-26;389
66;-18;-200
69;-19;-483
73;-25;-549
67;-35;-236
50;-38;168
27;-38;456
6;-37;670
-6;-25;752
-26;-19;676
-38;-11;573
-29;4;485
2;19;420
37;20;362
76;29;306
94;43;244
84;53;177
73;61;113
58;66;64
51;71;35
44;74;7
48;84;-28
41;89;-83
27;99;-127
2;109;-153
-8;112;-173
-1;121;-196
12;116;-217
51;115;-209
73;112;-167
83;105;-98
79;101;-16
72;99;56
67;102;107
60;99;134
55;89;121
28;84;4
-1;74;-253
-20;74;-629
-32;75;-948
-35;66;-1079
-39;53;-948
-22;30;-623
-1;16;-129
20;1;347
30;2;685
49;3;796
58;7;686
65;4;472
69;-2;233
65;-5;52
55;-17;18
47;-13;63
32;-19;122
8;-19;171
-3;-18;333
-2;-23;516
6;-21;698
20;-20;721
42;-13;665
70;-3;612
80;1;598
78;8;589
60;9;582
39;5;581
25;-1;574
18;-7;548
30;-4;508
38;-8;453
50;-10;411
55;-21;375
53;-28;350
51;-33;332
69;-36;330
98;-34;336
127;-37;349
155;-31;362
176;-33;349
185;-24;298
170;-26;194
150;-26;44
115;-19;-99
75;-18;-212
38;-17;-240
13;-16;-183
-6;-23;-72
-20;-30;54
-9;-37;157
14;-37;228
39;-30;268
57;-26;203
58;-26;-105
38;-26;-725
7;-32;-1189
-10;-29;-1377
-23;-18;-1037
-37;-14;-511
-50;-13;-62
-60;-9;235
-59;-8;390
-33;-2;374
11;3;231
53;5;27
71;6;-172
88;2;-348
97;12;-493
104;26;-551
105;36;-514
98;38;-392
87;42;-262
66;42;-181
46;45;-135
23;56;-122
-6;66;-97
-7;68;-102
23;69;-119
59;66;-135
90;64;-132
99;61;-108
99;58;-53
79;51;19
53;41;110
33;34;213
17;36;309
-2;34;390
-20;41;444
-40;52;480
-69;64;498
-87;66;506
-92;64;510
-86;69;512
-70;65;518
-42;74;530
-18;72;543
0;70;559
19;69;574
29;67;582
21;62;570
1;55;536
0;56;471
6;61;379
12;68;281
2;68;217
-20;74;182
-47;71;194
-70;62;215
-68;55;238
-50;52;253
-29;59;260
-12;52;192
-9;50;14
-23;41;-302
-35;40;-683
-26;45;-1042
-14;47;-1303
-5;57;-1439
-12;61;-1424
-27;72;-1234
-54;74;-838
-69;71;-359
-67;56;98
-57;48;404
-34;35;540
-5;28;466
24;31;168
39;34;-210
60;42;-536
70;48;-639
67;52;-555
35;49;-242
-1;49;93
-33;49;381
-67;42;513
-82;30;527
-91;19;505
-99;19;497
-109;20;488
-113;21;473
-95;18;446
-69;11;399
-42;0;335
-30;-2;243
-34;-7;150
-51;-18;69
-69;-19;38
-67;-20;18
-72;-21;-10
-78;-17;-73
-93;-9;-135
-112;-6;-191
-115;-3;-226
-92;-7;-277
-59;2;-325
-35;1;-356
-20;-1;-350
-10;-11;-309
1;-16;-245
5;-18;-171
28;-5;-139
54;15;-216
70;39;-540
64;51;-1074
36;58;-1336
-2;64;-1287
-32;66;-799
-25;66;-220
0;68;272
26;62;606
35;58;796
28;57;799
15;49;671
7;51;526
19;46;418
28;44;360
16;43;346
-19;44;376
-61;50;436
-98;53;504
-121;57;570
-110;56;615
-90;66;628
-62;61;600
-31;57;534
-4;50;444
16;37;367
34;27;318
48;21;300
51;23;301
42;29;314
23;30;335
-1;31;370
-33;27;374
-60;25;343
-74;24;243
-86;32;89
-97;24;-121
-99;19;-330
-76;9;-544
-50;2;-747
-6;-7;-970
42;-9;-1102
80;-5;-1059
95;3;-864
83;9;-545
60;13;-250
29;10;-9
7;5;138
-9;-1;159
-25;4;18
-34;-6;-266
-24;-9;-506
-7;-16;-621
-7;-22;-517
-1;-20;-309
13;-23;-115
27;-25;37
37;-27;135
39;-31;186
24;-33;194
1;-28;181
-19;-26;135
-18;-12;66
4;-8;-21
27;-10;-103
36;-5;-168
12;-4;-205
-19;2;-220
-38;2;-199
-21;0;-160
9;7;-92
24;9;-3
38;20;81
38;29;137
43;49;145
55;48;119
71;55;92
80;54;85
59;50;72
36;52;74
0;58;53
-33;65;8
-50;67;-82
-43;68;-225
-27;64;-516
-10;50;-960
3;42;-1239
6;42;-1254
-2;49;-830
0;53;-262
17;57;252
27;56;627
36;55;852
27;44;912
2;42;784
-14;34;587
-22;34;352
-16;30;155
-30;20;18
-40;17;78
-46;8;236
-33;4;386
-16;-2;395
8;-6;504
26;-5;625
22;-7;816
10;-11;863
3;-16;791
8;-13;700
19;-4;636
34;-3;562
34;5;468
14;-4;355
-3;-16;239
-10;-30;150
-7;-37;114
0;-26;122
13;-12;150
21;4;168
24;10;118
36;21;-54
58;26;-277
81;39;-506
85;39;-641
83;52;-713
85;61;-748
91;70;-743
103;66;-697
106;61;-601
96;57;-454
69;53;-318
48;44;-147
26;38;-10
13;36;122
6;30;214
18;40;256
25;44;256
29;46;231
43;41;156
56;45;3
71;46;-338
83;35;-919
85;30;-1284
66;20;-1403
40;13;-1014
21;12;-474
4;7;63
-8;7;451
-18;11;706
-14;21;722
-19;23;504
-16;26;149
-17;17;-284
-17;15;-598
-12;4;-633
3;12;-439
25;13;-93
35;19;298
42;21;600
45;18;794
46;27;789
38;35;670
26;45;548
15;60;473
-5;63;422
-15;62;406
-24;59;407
-37;56;423
-52;56;447
-58;55;471
-49;58;478
-47;53;469
-43;49;434
-39;46;428
-24;57;420
-12;60;435
-1;62;443
0;63;438
-20;58;439
-33;56;434
-41;50;437
-45;42;444
-56;23;455
-67;20;453
-86;28;437
-105;37;418
-108;56;399
-93;73;386
-62;80;375
-44;83;360
-25;69;340
-30;57;293
-34;51;226
-36;42;148
-25;36;95
-25;33;63
-37;23;67
-52;21;73
-62;16;61
-60;17;31
-53;17;-3
-45;35;-54
-43;43;-131
-44;56;-263
-33;62;-460
-31;69;-694
-29;81;-927
-26;75;-1178
-10;81;-1459
0;77;-1705
11;79;-1744
12;77;-1514
-4;79;-1012
-27;87;-484
-35;92;-23
-27;99;275
-18;97;402
-14;90;339
-17;80;51
-21;72;-267
-11;68;-472
7;65;-450
28;64;-256
28;70;-19
20;71;191
7;75;349
-2;71;444
-22;71;479
-18;68;495
2;71;496
7;61;498
4;49;494
-11;35;489
-24;32;482
-29;25;468
-27;25;458
-28;30;438
-47;22;436
-59;18;424
-56;14;419
-53;12;392
-44;10;347
-27;10;311
-8;11;284
11;10;304
21;6;345
37;4;383
49;14;386
49;11;315
48;3;132
30;-7;-139
16;-16;-519
5;-19;-857
-6;-10;-1095
-20;3;-1149
-40;10;-1048
-42;10;-897
-45;19;-739
-40;23;-617
-30;29;-449
-25;33;-229
-31;28;41
-41;20;299
-40;19;450
-48;15;479
-55;18;416
-61;20;305
-62;32;200
-59;43;131
-64;50;108
-68;52;126
-66;56;166
-55;57;209
-39;62;234
-27;64;255
-34;67;258
-34;66;257
-21;70;252
-8;73;245
-13;78;234
-25;82;196
-19;84;131
-15;84;58
3;78;-5
14;81;-71
14;78;-141
-4;75;-253
-19;71;-553
-26;63;-952
-29;61;-1184
-24;58;-1045
-15;58;-560
-9;64;-16
-10;63;379
-11;61;633
-2;56;796
7;43;866
15;31;828
20;22;717
13;28;570
-1;31;439
-10;38;353
-19;32;318
-20;32;321
-16;28;354
-13;32;394
-21;41;434
-39;43;458
-43;46;465
-44;53;465
-37;56;468
-28;55;486
-11;49;516
-8;36;539
-2;27;541
18;24;505
41;31;437
50;34;355
45;27;278
40;27;235
32;17;218
26;13;238
30;11;288
24;14;339
20;21;329
11;25;271
7;30;151
3;27;-4
8;21;-264
23;25;-737
38;27;-1393
44;29;-1765
41;24;-1673
47;22;-1193
53;19;-602
59;21;-258
65;13;-26
59;12;53
48;11;-49
43;-4;-349
58;-1;-632
74;-7;-768
94;-9;-711
105;-6;-567
101;-7;-436
80;-10;-311
58;-12;-178
36;-12;-40
14;-12;101
9;-11;229
11;-9;324
11;-3;395
-6;0;447
-20;-1;482
-2;-2;509
25;-8;530
65;-8;546
91;-16;551
100;-13;527
90;-26;478
79;-27;405
72;-34;326
72;-26;272
81;-24;245
92;-14;248
88;-3;264
72;-1;283
57;9;304
46;15;305
39;27;289
38;35;240
40;46;181
48;48;107
64;49;35
88;48;-21
94;48;-63
79;51;-120
53;47;-216
31;43;-323
19;37;-482
24;38;-800
43;35;-1119
52;35;-1375
50;25;-1303
36;15;-901
29;18;-395
28;20;71
40;25;390
60;33;568
64;37;647
49;42;657
26;38;627
6;35;564
1;28;474
16;26;377
47;20;272
56;22;195
36;28;148
6;32;145
-1;32;178
22;30;237
65;28;294
103;27;336
106;36;351
72;42;337
32;50;297
13;57;231
13;55;178
29;58;135
42;49;91
45;58;45
32;56;-22
14;55;-81
3;51;-134
-10;50;-166
-7;41;-168
-5;41;-177
-2;48;-249
-12;47;-587
-20;51;-1219
-27;54;-1528
-26;50;-1529
-18;46;-1003
-12;36;-389
-13;34;127
-26;29;504
-29;31;749
-39;32;798
-59;37;710
-66;36;542
-54;36;344
-43;35;128
-43;28;-7
-40;25;-31
-47;18;72
-46;16;180
-33;7;258
-13;10;403
10;10;600
18;19;788
30;27;862
34;38;741
34;40;603
38;31;520
45;29;484
43;20;458
32;25;430
14;22;399
-11;22;369
-33;26;328
-38;30;264
-25;40;199
-14;45;113
-15;50;6
-27;52;-208
-50;51;-524
-72;49;-981
-80;36;-1334
-65;33;-1438
-53;22;-1178
-42;11;-720
-36;6;-219
-34;9;187
-38;10;496
-36;1;665
-30;-1;693
-31;-5;620
-36;3;521
-50;5;385
-63;12;255
-82;16;146
-83;18;84
-71;17;60
-69;7;82
-64;2;110
-71;-1;148
-76;14;183
-70;21;213
-43;28;228
-18;37;233
-10;33;222
-9;38;201
-10;35;172
-11;36;163
-13;28;171
-9;17;199
-9;12;238
-7;11;276
-12;20;314
-22;23;340
-25;34;337
-18;28;296
9;31;226
19;28;153
15;20;101
5;11;76
1;5;84
8;2;124
11;-6;184
17;-2;234
18;-1;215
6;-7;65
3;-15;-231
-1;-22;-610
1;-25;-972
3;-23;-1221
7;-18;-1375
3;-14;-1311
-3;-5;-1007
-9;-2;-510
2;6;18
6;11;401
9;14;588
0;18;596
-14;16;351
-24;13;-46
-17;18;-425
-5;18;-659
-1;23;-657
-1;26;-512
0;30;-281
8;34;-74
8;31;67
8;33;114
15;33;136
28;45;170
49;52;199
68;57;223
69;58;243
59;51;269
39;49;302
21;46;336
-13;45;373
-31;40;405
-46;25;441
-46;24;467
-46;18;485
-32;19;475
-22;18;443
-24;13;390
-15;16;338
3;9;294
24;14;265
32;9;253
30;12;265
16;20;276
9;22;288
20;16;287
52;10;259
78;5;207
82;-4;110
75;-6;-9
62;-2;-153
49;5;-263
35;4;-349
20;-1;-462
3;3;-718
-1;-5;-1147
6;-4;-1437
13;-7;-1407
12;-2;-990
4;-4;-448
10;-3;3
18;-9;295
27;-4;441
52;1;504
74;12;489
72;24;435
44;27;355
17;32;261
-5;41;166
0;45;108
13;51;74
21;52;51
21;45;45
22;36;58
27;40;93
31;29;145
46;26;205
67;18;269
86;23;337
89;31;400
82;36;456
65;43;498
38;38;533
19;37;565
10;27;596
14;24;617
13;22;616
12;20;581
15;21;507
3;14;421
2;15;354
9;11;305
20;21;287
30;24;287
43;25;315
53;28;350
42;26;360
25;31;254
10;38;4
-6;48;-377
-19;42;-801
-28;39;-1150
-39;33;-1369
-55;36;-1385
-63;36;-1269
-61;36;-987
-46;39;-653
-21;34;-310
20;21;11
44;17;207
59;11;246
66;12;48
69;4;-228
54;0;-386
21;-14;-356
-15;-11;-170
-38;-7;-1
-49;-3;159
-47;4;308
-40;7;398
-34;15;402
-33;15;336
-15;20;281
7;21;237
39;23;212
68;21;187
93;19;165
98;26;145
96;31;132
94;27;130
83;24;149
62;24;182
33;35;227
5;54;264
-18;63;280
-26;57;286
-16;53;269
-12;52;242
-9;58;208
-4;58;174
14;56;145
30;50;129
46;41;127
62;41;145
66;46;172
63;52;197
49;58;203
37;65;147
-1;70;43
-33;75;-87
-61;73;-230
-77;74;-328
-83;82;-376
-66;83;-377
-40;91;-411
-18;87;-526
1;85;-907
8;73;-1331
13;67;-1599
-2;45;-1454
-18;40;-928
-40;38;-369
-58;39;52
-66;38;344
-60;29;538
-46;31;606
-45;36;522
-36;40;361
-30;48;199
-8;51;120
24;46;119
61;51;178
83;50;261
78;48;329
56;39;381
18;37;412
-21;43;431
-49;49;438
-66;52;446
-73;52;463
-76;48;486
-58;48;510
-47;44;528
-43;32;533
-41;27;521
-28;23;482
-11;13;421
13;14;337
39;18;272
57;23;212
48;31;179
28;35;175
3;40;203
-34;42;234
-63;44;225
-85;39;84
-100;38;-192
-115;41;-558
-129;32;-913
-127;36;-1175
-113;36;-1310
-72;30;-1291
-26;29;-1170
3;27;-920
15;27;-639
17;28;-309
29;36;-6
21;41;224
11;47;314
-14;48;310
-41;45;195
-65;34;-35
-70;21;-349
-58;13;-580
-49;11;-640
-31;11;-482
-14;13;-259
-7;26;-34
-7;31;165
4;42;330
20;53;415
31;58;434
28;62;445
20;60;461
1;55;481
-6;49;501
11;45;526
26;49;549
31;49;560
27;43;566
17;37;548
12;39;521
18;43;486
43;47;451
66;46;416
77;48;382
60;47;353
31;44;352
1;44;370
-28;51;393
-40;63;401
-53;69;375
-59;71;324
-51;69;261
-25;68;183
2;68;110
25;62;44
47;59;-15
56;51;-92
58;53;-211
56;46;-386
63;44;-778
54;43;-1153
37;31;-1383
13;25;-1307
-7;23;-927
-14;23;-541
-10;25;-213
-2;33;10
-8;41;165
-12;45;258
-17;53;312
-15;53;316
-4;64;298
7;62;260
24;62;221
17;56;193
3;46;183
-7;39;188
-10;37;208
-11;40;231
9;38;265
38;49;289
61;51;300
78;55;295
79;59;282
72;65;286
59;68;316
57;63;366
64;53;436
60;44;516
48;35;592
36;30;650
15;29;667
-6;19;637
-1;12;574
8;5;505
26;-1;450
38;-4;413
32;-9;399
33;-13;414
34;-16;448
41;-22;486
42;-14;449
30;-12;291
16;-3;-46
13;0;-457
6;-2;-878
-2;-5;-1178
-10;-6;-1324
-23;3;-1310
-31;7;-1105
-23;15;-770
-1;14;-345
19;19;42
17;22;315
7;23;465
-17;29;513
-32;25;478
-37;26;378
-31;21;250
-28;24;137
-21;15;57
-14;22;17
-14;31;0
-25;40;7
-28;45;26
-11;39;57
8;41;95
77;7;462
